{
  "cli": {
    "version": ">= 16.6.2",
    "appVersionSource": "remote"
  },
  "build": {
    "development": {
      "developmentClient": true,
      "distribution": "internal",
      "env": {
        "EXPO_TARGET_ANDROID_SDK_VERSION": "34"
      }
    },
    "preview": {
      "distribution": "internal",
      "env": {
        "EXPO_TARGET_ANDROID_SDK_VERSION": "34"
      }
    },
    "production": {
      "autoIncrement": true,
      "env": {
        "EXPO_TARGET_ANDROID_SDK_VERSION": "34"
      }
    }
  },
  "submit": {
    "production": {}
  }
}
